name,id,start_time,duration_time
Yes,IRgxwlFahK4,,
Hello,OrorTGDvdNQ,,
No,uF9MvYaEU1k,,
How are you?,V7KM2UnfU2I,,
Please,AYJoQCgUHvw,,
Hello,rz3jw0_XXoc,00:00:02,00:00:02
Yes,rz3jw0_XXoc,00:00:22,00:00:03
Please,rz3jw0_XXoc,00:00:33,00:00:03
How are you?,rz3jw0_XXoc,00:00:19,00:00:03
No,rz3jw0_XXoc,00:00:25,00:00:02
Hello,zPOgFI6t1p0,00:00:01,00:00:01.200
How are you?,zPOgFI6t1p0,00:00:03,00:00:02
Yes,zPOgFI6t1p0,00:00:05,00:00:02
No,zPOgFI6t1p0,00:00:07,00:00:02
Hello,irWEaNF6kmo,00:00:01,00:00:03
How are you?,irWEaNF6kmo,00:00:04,00:00:03
